variable,en,nl,note
SInfo1,I know how to choose good keywords for online searches (for example with Google),Ik weet hoe ik goede zoekwoorden kan kiezen voor zoekopdrachten op het internet (bijvoorbeeld met Google),
SInfo3_V2,I know how I can find answers to my questions on the internet,Ik weet hoe ik op het internet antwoorden op mijn vragen kan vinden,
SInfo4,I know how I can use search functions in search engines (for example with Google),Ik weet hoe ik zoekfuncties in zoekmachines kan gebruiken (bijvoorbeeld met Google),
SInfo5,I know how I can check if the information I find on the internet is true,Ik weet hoe ik kan controleren of de informatie waar is die ik op internet vind,
SInfo6,I know how I can check if a website is reliable,Ik weet hoe ik kan controleren of een website betrouwbaar is,
SInfo7,"I can assess what the goal of online information is (e.g., to inform, influence, entertain or sell)","Ik kan inschatten wat het doel van online informatie is (bijv. om te informeren, beïnvloeden, vermaken of verkopen)",
SCom1_V2,I know when I should ask for permission to share something online,Ik weet wanneer ik toestemming moet vragen om iets online te delen,
SCom2,"I know which communication tool best fits which situation (for example: call, send a WhatsApp-message, send an e-mail)","Ik weet welk communicatiemiddel het beste past bij welke situatie (bijvoorbeeld bellen, een WhatsApp-bericht sturen, een e-mail sturen)",
SCom3,I know how to block messages from someone I don't want to hear from,Ik weet hoe ik berichten kan blokkeren van iemand van wie ik niets meer wil ontvangen,
SCom4_V2,I know which things I should not share online,Ik weet welke dingen ik niet hoor te delen online,
SCom5,I know when it is appropriate and when it is not appropriate to use emoticons (for example smileys ☺ or emoji's),Ik weet wanneer het wel of niet hoort om emoticons te gebruiken (bijvoorbeeld smileys ☺ of emoji's),
SCrea2,I can make a presentation on the computer (for example in Powerpoint),Ik kan op de computer een presentatie maken (bijvoorbeeld in Powerpoint),
SCrea3,I can make something that combines different digital media (for example a movie with music),Ik kan iets maken dat verschillende digitale media combineert (bijvoorbeeld een filmpje met muziek eronder),
SCrea4,"I can change existing digital images, music and video","Ik kan bestaande digitale plaatjes, muziek en video veranderen",
SCrea5,I can make a photo or video more attractive (for example with a filter or Photoshop),Ik kan een foto of video mooier maken (bijvoorbeeld met een filter of Photoshop),
SSafDev1,I know how to protect a device against access (e.g. a PIN code or fingerprint),Ik kan toegang tot een apparaat afschermen (bijvoorbeeld met een pincode of vingerafdruk),
SSafDev2,I know how to protect devices against viruses,Ik weet hoe ik apparaten kan beschermen tegen virussen,
SPriv1,I know how to adjust the privacy settings on a mobile phone or tablet,Ik weet hoe ik de privacy-instellingen op een mobiele telefoon of tablet kan aanpassen,
SPriv2,I know how to change the location settings on a mobile phone or tablet,Ik weet hoe ik de locatie-instellingen kan aanpassen op een mobiele telefoon of tablet,
SPriv3,I know how to identify suspicious e-mail messages that try to get my personal data,Ik weet hoe ik verdachte e-mails kan herkennen die mijn persoonlijke gegevens proberen te krijgen,
SPriv4,I know how to delete the history of websites that I have visited before,Ik weet hoe ik de geschiedenis van websites die ik eerder bezocht kan verwijderen,
SHealth1,I know how to control how much time I spend on the internet,Ik weet hoe ik controle kan houden over hoeveel tijd ik op het internet bezig ben,
SHealth2_V2,I know how to make sure my phone doesn't distract me,Ik weet hoe ik kan zorgen dat mijn telefoon mij niet afleidt,
SHealth3_V2,"I know how I can stop using my phone and computer for a while, if I want to","Ik weet hoe ik mijn telefoon en computer een tijdje niet kan gebruiken, als ik dat wil",
SEnv1,I know how to reduce the battery use of a phone or computer,Ik weet hoe ik het batterijgebruik van een telefoon of computer kan verminderen,
SEnv2,"I know how I can buy a phone or computer in a ""green"" or sustainable way",Ik weet hoe ik op een 'groene' of duurzame manier een telefoon of computer kan kopen,
SEnv3,I know how to have a phone or computer recycled,Ik weet hoe ik een telefoon of computer kan laten recyclen,
SProbl1,I know where or from whom I can get help to improve my digital skills,Ik weet waar of van wie ik hulp kan krijgen om mijn digitale vaardigheden te verbeteren,
SProbl2,I know where or from whom I can get help if I'm unable to do something on the internet,Ik weet waar of van wie ik hulp kan krijgen als iets niet lukt op het internet,
Strans1,I know how to handle things online for the tax authority ('belastingdienst') (for example file my tax returns or apply for a wage tax for my (part-time) job),Ik weet hoe ik online dingen kan regelen bij de belastingdienst (bijv. belasting aangifte doen of loonheffing voor bijbaan aanvragen),
Strans2,"I know how to do digital payments on the computer or smartphone (for example online banking, online shopping, using iDeal)","Ik kan digitaal mijn betalingen doen met de computer of met mijn mobiel (bijvoorbeeld online bankieren, online winkelen, iDeal gebruiken)",
Strans3,I know how to arrange my healthcare online (for example take out a health insurance or make an online appointment with the general practitioner),Ik weet hoe ik op de computer of mobiele telefoon online zorg moet regelen (bijv. zorgverzekering afsluiten of een online afspraak maken met de huisarts),
Strans4,I know how to apply for a DigID and how to use it,Ik weet hoe ik mijn DigID kan aanvragen en gebruiken,
Strans5,I know how to upload documents and images when needed to arrange things online (for example when requesting an OV chip card),Ik weet hoe ik documenten en foto's kan uploaden wanneer dit nodig is om online zaken te regelen (bijv. bij het aanvragen van een OV chipkaart),
SAI1,I recognize when a website or app uses AI to adjust the content to me,Ik weet wanneer een website of app AI gebruikt om de inhoud aan mij aan te passen,
SAI2,I recognize when specific content is recommended to me by AI,Ik weet wanneer bepaalde inhoud mij wordt aanbevolen door AI,
SGAI1,"I usually know when the content created for me by GenAI, such as ChatGPT, contains correct information","Ik weet meestal wanneer de inhoud die GenAI, zoals ChatGPT, voor mij maakt juiste informatie bevat",
SGAI2,"I know which questions (or 'prompts') I should ask GenAI, such as ChatGPT, to receive a useful result","Ik weet welke vragen (of 'prompts') ik aan GenAI, zoals ChatGPT, moet stellen om tot een bruikbaar resultaat te komen",
SGAI3,"I know how to check whether a text or picture is created by GenAI, such as ChatGPT, instead of a person","Ik weet hoe ik kan controleren of een tekst of een foto is gemaakt door GenAI, zoals ChatGPT, in plaats van door een mens",
SGAI4,I know how to use ChatGPT to generate new ideas or solutions,Ik weet hoe ik ChatGPT kan gebruiken voor nieuwe ideeën of oplossingen,
SGAI5,I know when the use of ChatGPT can lead to moral problems (for example misleading or privacy violations),Ik weet wanneer het gebruik van ChatGPT voor morele problemen kan zorgen (bijvoorbeeld misleiding of privacy schending),
PSIS1,"Femke Bol is a Dutch athlete. If you want to look up her birthplace on Google, what search term(s) would you use? Fill it in below:","Femke Bol is een Nederlandse atlete. Stel je wil op Google haar geboorteplaats opzoeken, welke zoekterm(en) gebruik je dan? Zoek op Google naar de geboorteplaats van Femke Bol, en vul deze hieronder in:",
PSIS2,How can you make sure that only Dutch sources are shown? Click on the spot in the image where you can indicate this.,Hoe zorg je ervoor dat je alleen Nederlandse bronnen te zien krijgt? Klik op de plaats in de afbeelding op de plek waar je dit kunt aangeven.,
PCIS1,Recognize fake news on social media,Herkennen nepnieuws op sociale media,
PCIS2,Recognize advertisement on social media,Herkennen reclame op sociale media,
PCIS3,What do you need to look at to check whether a post on social media is fake news or not?,Waar moet je naar kijken om te controleren of een bericht op sociale media geen nepnieuws is?,
PNS1,"Imagine, you find this picture of your friend/acquaintance on social media. For which picture, or pictures, would you ask permission from this friend/acquaintance to share it with others online? (multiple answers are possible)","Stel, je komt deze foto's tegen van een vriendin of kennis op sociale media. Bij welke foto, of foto's, zou je toestemming vragen aan deze vriendin of kennis om deze foto met anderen online te delen? (meerdere antwoorden zijn mogelijk)",
PDCCS1,Which of the following icons refer to the function for cutting or removing parts of  a picture ('cropping')?,"Welk van onderstaande icoontjes is voor het bijsnijden of stukken weghalen van een foto?
",
PSCS1,Read the following message closely. What type of message do you think this is?,Lees onderstaand bericht goed door. Wat voor soort bericht denk je dat dit is?,
PSCS2,Which of the following safety precautions do you sometimes take for your digital/online media use?,Welke van onderstaande veiligheidsmaatregelen gebruik je wel eens voor jouw digitale of online media gebruik?,
PDHWS1,Do you sometimes try to limit the time you spend using digital media in one of the following ways?,Probeer je wel eens om minder tijd bezig te zijn met digitale media op één van de volgende manieren?,
PSGDS1,Which of the following activities do you sometimes do?,Welke van de volgende activiteiten doe jij wel eens?,
,,,
PTS1,Below you see 4 icons that can appear on a website. Which of the icons should you click on to know whether you can shop safely on an online webshop (for example with safe storage of personal data and a safe payment environment)?,Hieronder zie je 4 icoontjes die je op een website tegen kan komen. Op welk van de icoontjes moet je klikken om te weten of je veilig kunt winkelen op een online webshop (bijvoorbeeld met veilige opslag van persoonsgegevens en een veilige betaalomgeving)?,
PAIS1,Look closely at the pictures below. Which picture is not made with artificial intelligence (AI)?,Kijk goed naar de foto's hieronder. Welke foto is niet gemaakt met artificiële intelligentie (AI)?,
PAIS2,Select all apps or websites that use AI to personalize their content for you:,Kies alle apps of websites die gebruik maken van AI om inhoud aan jou persoonlijk aan te passen:,
PGAIS1,"Let's say you want to cook for a friend, and you still have pasta and tomatoes at home. You want to ask ChatGPT to help you with a recipe. What question (or 'prompt') should you ask ChatGPT to get the best result?","Stel, je wil koken voor een vriend of vriendin, en hebt nog pasta en tomaten in huis. Je wil ChatGPT vragen om je te helpen met een recept. Welke vraag ('prompt') stel je aan ChatGPT om tot het beste resultaat te komen?",
PGAIS2,For what purpose have you used GenAI (such as ChatGPT)?,Waar heb je zelf wel eens genAI (zoals ChatGPT) voor gebruikt?,
KInfo1,The first search result is always the best information source. (False Statement),Het eerste zoekresultaat is altijd de beste informatiebron,
KInfo2,Everyone gets the same information when they search for the same things online. (False Statement),Iedereen krijgt dezelfde informatie als ze online naar dezelfde dingen zoeken,
KInfo3,Some people make money by spreading fake news on the internet. (Correct Statement),Sommige mensen verdienen geld aan het verspreiden van nepnieuws op het internet,
KCom1,"Before sharing a picture that clearly shows a friend, you should always ask them for permission first. (Correct Statement)","Voordat je een foto waarop een vriend duidelijk te zien is digitaal deelt, moet je altijd eerst om toestemming vragen",
KCom3,Negative comments hurt people less when you say them online than when you say them to their face. (False Statement),"Nare opmerkingen doen mensen minder pijn als je ze online zegt, dan als je ze in hun gezicht zegt",
KCrea1,"If you use a hashtag (#), more people will see your message. (Correct Statement)","Als je een hashtag (#) gebruikt, zien meer mensen je bericht",
KCrea2,Some people are paid to use products in the videos they make. (Correct Statement),Sommige mensen worden betaald om producten te gebruiken in de video's die ze maken,
KCrea3,"You can change and share existing videos, as long as you don't make money by doing it. (False Statement)","Je mag bestaande video's en muziek aanpassen en delen, zolang je er geen geld mee verdient",
KSafDev2,"To keep your devices safer, you should always install updates immediately. (Correct Statement)","Om je apparaten veiliger te houden, moet je updates altijd meteen installeren",
KSafDev_new,Logging into a computer or smartphone using a passkey (like a finger print) is safer compared to a using password. (Correct Statement),Op een computer of telefoon inloggen met een passkey (zoals een vingerafdruk of gezichtsherkenning) is veiliger dan met een wachtwoord,
KPriv1,It's best to have the same password for each account. (False Statement),Je kunt het beste voor elk account hetzelfde wachtwoord gebruiken,
KPriv2,What you do online is used by companies to advertise their products and services. (Correct Statement),Wat jij online doet gebruiken bedrijven om hun producten en diensten te adverteren,
KPriv3_V2,"If you use 'incognito mode' or 'private browsing', your internet behavior won't be stored. (Correct Statement)","Als je 'privé browsen' of 'incognito modus' gebruikt, wordt je internetgedrag niet opgeslagen",
KHealth1,You can keep your attention with two things at the same time (for example talking to someone or reading a text). (False Statement),Je kunt je aandacht bij twee dingen tegelijk houden (zoals met iemand praten of een tekst lezen),
KHealth2,Platforms like YouTube or Netflix are designed to keep people watching as long as possible. (Correct Statement),Platforms als YouTube of Netflix zijn ontworpen om mensen zo lang mogelijk te laten blijven kijken,
KHealth3,You sleep worse if you use a smartphone or computer just before you go to bed. (Correct Statement),Je slaapt slechter als je een smartphone of computer gebruikt vlak voor je naar bed gaat,
KEnv1,Your laptop charger continues to use power if you leave it in the power outlet after charging. (Correct Statement),De oplader van je laptop blijft stroom gebruiken als je hem in het stopcontact laat zitten na het opladen,
KEnv2,Phones contain materials that mineworkers extract from mines. (Correct Statement),In telefoons zitten stoffen die door mijnwerkers uit mijnen gehaald worden,
KEnv3,The amount of data and WiFi you use does not affect CO2-emissions or the climate. (False Statement),"De hoeveelheid digitale gegevens en WiFi die je verbruikt, heeft geen invloed op CO2-uitstoot of het klimaat",
Ktrans1,With DigID you can log in to websites by both the government and health providers. (Correct Statement),Met DigID kan je inloggen op websites van zowel de overheid als de zorg,
Ktrans2,"In case of a medical emergency, you make an online appointment with your healthcare provider. (False Statement)",Bij medische spoed maak je online een afspraak met je zorgverlener,
Ktrans3,A webshop is trustworthy when you can pay with iDeal. (False Statement),Een webshop is betrouwbaar als je er kunt betalen met iDeal,
KAI1,Some websites and apps for news and entertainment use artificial intelligence (AI). (Correct Statement),Sommige websites en apps voor nieuws en entertainment gebruiken artificiële intelligentie (AI),
KAI2,Websites and apps for news and entertainment show the same content to everyone. (False Statement),Websites en apps voor nieuws en entertainment laten aan iedereen hetzelfde zien,
KAI3,"Some decisions about the content of websites and apps for news and entertainment are automatic, without a human doing something. (Correct Statement)","Sommige beslissingen over de inhoud van websites en apps voor nieuws en entertainment gaan automatisch, zonder dat een mens iets doet",
KAI4,Your online behavior determines what is shown to you on websites and apps for news and entertainment. (Correct Statement),Je online gedrag bepaalt wat je te zien krijgt op websites en apps voor nieuws en entertainment,
KGAI1,"Because GenAI, such as ChatGPT, searches through many websites on the internet, the information it gives is reliable. (False Statement)","Omdat GenAI, zoals ChatGPT, veel websites van het internet doorzoekt, is de informatie die het geeft betrouwbaar",
KGAI2,"The usage of GenAI, such as ChatGPT, has almost no impact on the environment. (False Statement)","Het gebruik van GenAI, zoals ChatGPT, heeft bijna geen invloed op het milieu",
KGAI3,"Someone else can also get access to the information you give to GenAI, such as ChatGPT. (Correct Statement)","Iemand anders kan ook toegang krijgen tot de informatie die je aan GenAI, zoals ChatGPT, geeft",
KGAI4,"People can use genAI to create images, videos or audio-fragments of events or people who do not really exist or that have not actually taken place (for example 'deepfakes'). (Correct Statement)","Mensen kunnen genAI gebruiken om afbeeldingen, video's of audiofragmenten te maken van gebeurtenissen of mensen die niet echt bestaan of die niet echt hebben plaatsgevonden (bijvoorbeeld 'deepfakes')",
KGAI5,"GenAI, such as ChatGPT, can produce different results when asked the same question multiple times. (Correct Statement)","GenAI, zoals ChatGPT, kan verschillende resultaten geven wanneer je dezelfde vraag meerdere keren stelt",
scale_completely_untrue,(Completely) Untrue (1-2),Helemaal Onwaar (1-2),
scale_slightly_untrue,Slightly untrue for me,Een beetje onwaar voor mij,
scale_neither,Not true and not untrue (3),Niet onwaar en niet waar (3),
scale_slightly_true,Slightly true for me,Een beetje waar voor mij,
scale_completely_true,(Completely) True (4-5),Helemaal Waar (4-5),
scale_dont_understand,I don't understand the question,Ik begrijp de vraag niet,
scale_prefer_not_answer,I'd rather not answer,Zeg ik liever niet,
scale_true,True,Waar,
scale_untrue,Untrue,Onwaar,
scale_dont_know,I don't know,Ik weet het niet,
label_correct,Correct,Correct,
label_incorrect,Incorrect,Incorrect,
label_correctly_answered,Correctly Answered,Correct beantwoord,
label_incorrectly_answered,Incorrectly Answered,Incorrect beantwoord,
label_dont_know,I don't Know,Weet ik niet,
label_selected,Selected,Geselecteerd,
label_not_selected,Not selected,Niet geselecteerd,
strategic_info_description,"**Strategic Information Competence** is the ability to effectively search for and locate information online. This includes choosing good keywords, using search functions, and finding answers to questions on the internet.","**Strategische Informatie competentie** omvat het vermogen om effectief te zoeken naar, of het vinden van, online informatie. Dit omvat het kiezen van goede zoekwoorden, het gebruiken van zoekfuncties en het vinden van antwoorden op vragen op internet.",
critical_info_description,"**Critical Information Competence** is the ability to evaluate online information: checking whether information is true, assessing website reliability, and understanding the purpose of online content (to inform, influence, entertain, or sell).","**Kritische Informatie competentie** omvat het vermogen om online informatie te evalueren: controleren of informatie waar is, betrouwbaarheid van websites beoordelen, en begrijpen wat het doel is van online content (informeren, beïnvloeden, vermaken, of verkopen).",
netiquette_description,"**Netiquette Competence** refers to proper online communication etiquette: knowing when to ask permission before sharing, choosing the right communication tool, understanding what not to share online, and using emoticons appropriately.","**Netiquette competentie** verwijst naar correcte online communicatie-etiquette: weten wanneer je toestemming moet vragen voor delen, de juiste communicatietool kiezen, begrijpen wat je niet online moet delen, en emoticons op de juiste manier gebruiken.",
content_creation_description,"**Digital Content Creation Competence** cover the ability to create and modify digital content: making presentations, combining different media, editing images/music/video, and understanding copyright rules around digital content.","**Digitale Contentcreatie competentie** omvat het vermogen om digitale content te maken en aan te passen: presentaties maken, verschillende media combineren, beelden/muziek/video bewerken, en auteursrechten begrijpen rond digitale content.",
safety_description,"**Safety & Control of Information and Devices Competence** encompasses protecting devices and personal information: using security measures, managing privacy settings, identifying phishing, and controlling what information is shared online.","**Veiligheid & Controle van Informatie en Apparaten competentie** omvat het beschermen van apparaten en persoonlijke informatie: beveiligingsmaatregelen gebruiken, privacy-instellingen beheren, phishing herkennen, en controleren welke informatie online gedeeld wordt.",
health_description,"**Digital Health & Wellbeing Competence**  relates to managing healthy digital habits: controlling screen time, minimizing distractions, taking digital breaks, and understanding how technology affects sleep and wellbeing.","**Digitale Gezondheid & Welzijn competentie** heeft betrekking op het beheren van gezonde digitale gewoonten: schermtijd controleren, afleidingen minimaliseren, digitale pauzes nemen, en begrijpen hoe technologie slaap en welzijn beïnvloedt.",
green_description,"**Sustainable/Green Digital Competence** focuses on environmentally conscious technology use: reducing energy consumption, buying sustainable devices, recycling electronics, and understanding the environmental impact of digital activities.","**Duurzame/Groene Digitale competentie** richt zich op milieubewust technologiegebruik: energieverbruik verminderen, duurzame apparaten kopen, elektronica recyclen, en de milieu-impact van digitale activiteiten begrijpen.",
problem_solving_description,**Digital Problem Solving Competence** involves knowing where to find help with digital challenges and understanding how to improve digital competencies.,**Digitale Problemen Oplossen competentie** heeft betrekking op weten waar je hulp kunt vinden bij digitale uitdagingen en begrijpen hoe je digitale competenties kunt verbeteren.,
transactional_description,"**Transactional Competence** covers the ability to handle official online matters: managing government services, digital payments, healthcare arrangements, and document uploads.","**Transactionele competentie** omvat het vermogen om officiële online zaken af te handelen: overheidsdiensten beheren, digitale betalingen, gezondheidszorgafspraken, en documenten uploaden.",
ai_description,**AI Competence** covers the ability to recognize when websites and apps use artificial intelligence to personalize content and recommendations.,**AI competentie** omvat het vermogen om te herkennen wanneer websites en apps artificiële intelligentie gebruiken om content en aanbevelingen te personaliseren.,
genai_description,"**Generative AI competence** covers the ability to engage with AI tools like ChatGPT: knowing how to verify AI-generated information, writing effective prompts, detecting AI-generated content, and understanding GenAI's capabilities and limitations.","**Generatieve AI competentie** heeft betrekking op het omgaan met AI-tools zoals ChatGPT: weten hoe je AI-gegenereerde informatie te verifiëert, effectieve prompts schrijven, AI-gegenereerde content detecteren, en de mogelijkheden en beperkingen van GenAI begrijpen.",
blockquote_skills,"Think about the extent to which each sentence applies to you, if you would have to do this activity now and without help. Please be honest. It is very normal that you never do some things. We'd like to know this. If you don't understand what the question means, please choose 'I don't understand the question.' Do you recognize yourself in the following statements?","Bedenk in hoeverre elke zin klopt of waar is voor jou persoonlijk, als je de activiteit nu en in je eentje zou moeten doen. Wees vooral eerlijk, het is heel normaal dat je sommige dingen nooit doet. Dat willen we juist weten! Als je niet begrijpt wat de vraag inhoudt, kruis dan aan 'Ik begrijp de vraag niet'.",
blockquote_knowledge,"The following statements are about the internet. Please indicate if the sentence is true or untrue, according to you. If you don't know, please choose 'I don't know'. You don't have to guess. If you don't understand the question, please choose 'I don't understand the question.' Nearly everyone will not know or understand questions. This is normal and something that we want to know.","Nu volgen een aantal uitspraken die gaan over het online media en digitale technologie. Geef aan of de zin volgens jou feitelijk wel waar of juist niet waar is (dus in het algemeen, niet voor jou persoonlijk). Als je het niet weet, kruis dan aan 'ik weet het niet'. Je hoeft dus niet te gokken.",
blockquote_performance,Who do you ask for help if you aren’t able to do something with online media or digital technology? (you can choose multiple answers),Wie vraag je om hulp als je met online media of digitale technologie niets kunt? (meerdere antwoorden mogelijk),
ai_introduction,"With artificial intelligence computer programs can perform tasks and learn on their own. AI is increasingly used in society, and in online media too: many websites use it to show you content and advertisements about things you like. It also concerns 'generative AI' (genAI), a form of AI which creates content (such as texts, images), based on 'prompts' (questions or requests) from users. An example of this is the chatbot 'ChatGPT'.","Met artificiële intelligentie, of kunstmatige intelligentie, kunnen computerprogramma's zelf taken uitvoeren en ook zelf leren. AI wordt steeds meer gebruikt in de samenleving, en ook in de online media: veel websites gebruiken het om je meer inhoud en advertenties te laten zien van wat je leuk vindt. Hierbij hoort ook 'generatieve AI' (genAI), een vorm van AI die bijvoorbeeld teksten en foto's maakt wanneer je hier om vraagt (zulke vragen noemen we ook wel 'prompts'). Een voorbeeld hiervan is de chatbot 'ChatGPT'.",
tab_wave1,Wave 1,Ronde 1,
tab_wave2,Wave 2,Ronde 2,
tab_age,Age,Leeftijd,
tab_gender,Gender,Geslacht,
tab_education,Education,Opleidingsniveau,
tab_migration,Migration Background,Migratieachtergrond,
tab_overtime,Over Time,Verloop over tijd,
tab_overall,Overall,Algemeen,
tab_question_1,Question 1,Vraag 1,
tab_question_2,Question 2,Vraag 2,
tab_question_3,Question 3,Vraag 3,
tab_question_4,Question 4,Vraag 4,
tab_question_5,Question 5,Vraag 5,
tab_question_6,Question 6,Vraag 6,
tab_question_7,Question 7,Vraag 7,
tab_question_8,Question 8,Vraag 8,
tab_question_9,Question 9,Vraag 9,
dimension_strategic_info,Strategic Information,Strategische Informatie,
dimension_critical_info,Critical Information,Kritische Informatie,
dimension_netiquette,Netiquette,Netiquette,
dimension_content_creation,Digital Content Creation,Digitale Contentcreatie,
dimension_safety,Safety,Veiligheid,
dimension_health,Digital Health,Digitale Gezondheid,
dimension_green,Green Digital,Groen Digitaal,
dimension_problem_solving,Digital Problem Solving,Digitale Problemen Oplossen,
dimension_transactional,Transactional,Transactioneel,
dimension_ai,AI,AI,
dimension_genai,Gen AI,Gen AI,
dimension_knowledge,Knowledge,Kennis,
dimension_skills,Skills,Vaardigheden,
dimension_performance,Performance,Prestaties,
dashboard_title,Welcome to the DigIQ Monitor,Welkom bij de DigIQ Monitor,
mockup_warning,**THIS IS A MOCKUP VERSION PLEASE DO NOT CITE**,**DIT IS EEN MOCKUP VERSIE GELIEVE NIET TE CITEREN**,
key_findings_title,Key Findings,Belangrijkste Bevindingen,
key_finding_intro,"Based on data from **2,417** Dutch people aged between **10 and 94**, we drew the following conclusions:",Op basis van gegevens van **2.417** Nederlanders tussen **10 en 94 jaar** trekken we de volgende conclusies:,
key_finding_1,"1. {{< iconify ph device-mobile-camera-fill >}} **People generally feel digitally skilled, and this largely corresponds with their knowledge, but not always with their performance.**
   For some skills, such as online health and well-being, or netiquette, there are discrepancies between people's high scores on trust in their own skills and low scores on performance and behavior.
   These findings may indicate that Dutch people have blind spots regarding (some) digital skills and are unaware of what is possible online and where they actually lack skills.","1. {{< iconify ph device-mobile-camera-fill >}} **Mensen voelen zich over het algemeen digitaal vaardig, en dit komt grotendeels overeen met hun kennis, maar niet altijd met hun prestaties.**
   Voor sommige vaardigheden, zoals online gezondheid en welzijn, of netiquette, zijn er discrepanties tussen de hoge scores van mensen op vertrouwen in hun eigen vaardigheden en lage scores op prestaties en gedrag.
   Deze bevindingen kunnen erop wijzen dat Nederlanders blinde vlekken hebben met betrekking tot (sommige) digitale vaardigheden en zich niet bewust zijn van wat online mogelijk is en waar ze daadwerkelijk vaardigheden missen.",
key_finding_2,"2. {{< iconify ph sparkles-fill >}} **Skills and knowledge in the field of (gen)AI are low.**
   Children, the elderly, and low-educated Dutch people score low on knowledge about the privacy, validity, and reliability of genAI and the personalization of news and entertainment by AI, and are not well-equipped to create prompts that leverage the benefits of genAI.
   People perform poorly in recognizing and using genAI, and, aside from social media, don't always know which apps or websites use AI to tailor content to them.","2. {{< iconify ph sparkles-fill >}} **Vaardigheden en kennis op het gebied van (gen)AI zijn laag.**
   Kinderen, ouderen en laagopgeleide Nederlanders scoren laag op kennis over de privacy, validiteit en betrouwbaarheid van genAI en de personalisatie van nieuws en entertainment door AI, en zijn niet goed uitgerust om prompts te maken die de voordelen van genAI benutten.
   Mensen presteren slecht in het herkennen en gebruiken van genAI en weten, naast sociale media, niet altijd welke apps of websites AI gebruiken om content op hen af te stemmen.",
key_finding_3,"3. {{< iconify ph users-three-fill >}} **Differences among Dutch people can be distinguished based on age and education level, not on migration background.**
   Children (10–14 years old), the elderly (66+), and the less educated score lower on digital skills and knowledge.","3. {{< iconify ph users-three-fill >}} **Verschillen tussen Nederlanders kunnen worden onderscheiden op basis van leeftijd en opleidingsniveau, niet op migratieachtergrond.**
   Kinderen (10-14 jaar), ouderen (66+) en lager opgeleiden scoren lager op digitale vaardigheden en kennis.",
link_see_all_strategic,See all Strategic Information results,Bekijk alle Strategische Informatie resultaten,
link_see_all_critical,See all Critical Information results,Bekijk alle Kritische Informatie resultaten,
link_see_all_netiquette,See all Netiquette results,Bekijk alle Netiquette resultaten,
link_see_all_content_creation,See all Digital Content Creation results,Bekijk alle Digitale Contentcreatie resultaten,
link_see_all_safety,See all Safety results,Bekijk alle Veiligheid resultaten,
link_see_all_health,See all Digital Health results,Bekijk alle Digitale Gezondheid resultaten,
link_see_all_green,See all Green Digital results,Bekijk alle Groen Digitaal resultaten,
link_see_all_problem_solving,See all Digital Problem Solving results,Bekijk alle Digitale Problemen Oplossen resultaten,
link_see_all_transactional,See all Transactional results,Bekijk alle Transactionele resultaten,
link_see_all_ai,See all AI results,Bekijk alle AI resultaten,
link_see_all_genai,See all Gen AI results,Bekijk alle Gen AI resultaten,
link_see_all_performance,See all Performance results,Bekijk alle Prestatieresultaten,
link_see_all_knowledge,See all Knowledge results,Bekijk alle Kennisresultaten,
link_see_all_skills,See all Skills results,Bekijk alle Vaardigheden-resultaten,
knowledge_overtime_title,Knowledge Scores Over Time,Kennisscores over tijd,
landing_page_text,"Welcome to the DigIQ Monitor, providing recent insights into the digital competence of Dutch citizens aged 10–100!

<div style=""text-align: center;"">
  <img 
    src=""https://raw.githubusercontent.com/favstats/digicomp/refs/heads/main/img/cover.png"" 
    alt=""Digital competence cover""
    style=""width: 75%; max-width: 100%; height: auto;""
  >
</div>

This dashboard aggregates data collected using the **DigIQ** to show how confident citizens are in their own digital competence, the knowledge they have about digital media and technology use, and   how they perform in this area.  

The monitor is divided into three main pages:  
[{{< iconify ph lightning-fill >}} Skills](skills.html), [{{< iconify ph book-open-fill >}} Knowledge](knowledge.html), and [{{< iconify ph clipboard-text >}} Performance](performance.html).

{{< iconify ph cursor-click-fill >}} Click on the hyperlinks above for quick navigation. Under **Dimensions** you can find a description of the 11 domains of digital competence.

For background information on the project and detailed wave reports, see the **More Info** menu in the top-right corner.
","Welkom bij de DigIQ Monitor, met recente inzichten in de digitale competentie van Nederlandse burgers van 10 tot 100 jaar!

<div style=""text-align: center;"">
  <img 
    src=""https://raw.githubusercontent.com/favstats/digicomp/refs/heads/main/img/cover.png"" 
    alt=""Digitale competentie cover""
    style=""width: 75%; max-width: 100%; height: auto;""
  >
</div>

Dit dashboard verzamelt gegevens die met behulp van de **DigIQ** zijn verzameld om te laten zien hoe zelfverzekerd burgers zijn over hun eigen digitale competentie, hoeveel kennis ze hebben over het gebruik van digitale media en technologie, en hoe ze op dit gebied presteren.  

De monitor is verdeeld in drie hoofdpagina's:  
[{{< iconify ph lightning-fill >}} Vaardigheden](skills.html), [{{< iconify ph book-open-fill >}} Kennis](knowledge.html), en [{{< iconify ph clipboard-text >}} Prestaties](performance.html).

{{< iconify ph cursor-click-fill >}} Klik op de hyperlinks hierboven voor snelle navigatie. Onder **Dimensies** vindt u een beschrijving van de 11 domeinen van digitale competentie.

Voor achtergrondinformatie over het project en gedetailleerde ronde-rapportages, zie het **Meer informatie** menu rechtsboven.

",
about_page_text,"This monitor contains the results of multiple data collections using the **DigIQ2.0**, a measurement instrument that maps the digital competence of Dutch people aged 10 and older. Digital competence consists of digital skills and knowledge, such as the skills and knowledge needed to use online media and digital technology safely and effectively, as well as the performance of these skills through tests and behavioral measurements. Digital competence is broken down into 11 dimensions.

By using multiple surveys at different times with different samples, we can gain a clear picture of the current state of digital competence among Dutch people, whether it is changing, and which groups of people are most vulnerable online.

{{< iconify ph chart-bar-fill >}} This monitor allows you to examine general trends in digital skills, knowledge, and performance for each of the 11 dimensions, with the option to differentiate by age, gender, education level, and migration background.

More information about DigIQ2.0 can be found at [https://osf.io/dfvqb/overview](https://osf.io/dfvqb/overview).

{{< iconify ph envelope-simple-open-fill >}} For questions about the monitor or DigIQ2.0, please email [digiq-cw-fmg@uva.nl](mailto:digiq-cw-fmg@uva.nl).

<small>This project was made possible by a grant from the Ministry of the Interior and Kingdom Relations (principal investigator: Piotrowski).</small>","Deze monitor bevat de resultaten van meerdere dataverzamelingen met de **DigIQ2.0**, een meetinstrument dat de digitale competentie van in Nederland wonende personen van 10 jaar en ouder in kaart brengt. Digitale competentie bestaat uit digitale vaardigheden en kennis, zoals de vaardigheden en kennis die nodig zijn om online media en digitale technologie veilig en effectief te gebruiken, én uit het daadwerkelijk laten zien van deze vaardigheden via toetsen en gedragsmetingen. Digitale competentie is onderverdeeld in 11 dimensies.

Door meerdere surveys op verschillende momenten met verschillende steekproeven uit te voeren, krijgen we een goed beeld van de huidige stand van digitale competentie onder mensen in Nederland, of deze in de tijd verandert, en welke groepen extra kwetsbaar zijn online.

{{< iconify ph chart-bar-fill >}} Deze monitor maakt het mogelijk om algemene trends in digitale vaardigheden, kennis en performance per van de 11 dimensies te bekijken, met de optie om te differentiëren naar leeftijd, geslacht, opleidingsniveau en migratieachtergrond.

Meer informatie over DigIQ2.0 is te vinden op [https://osf.io/dfvqb/overview](https://osf.io/dfvqb/overview).

{{< iconify ph envelope-simple-open-fill >}} Voor vragen over de monitor of DigIQ2.0 kunt u mailen naar [digiq-cw-fmg@uva.nl](mailto:digiq-cw-fmg@uva.nl).

<small>Dit project is mogelijk gemaakt door een subsidie van het Ministerie van Binnenlandse Zaken en Koninkrijksrelaties (projectleider: Piotrowski).</small>",
modal_title_dccs,Digital Content Creation & Collaboration: Performance Questions,Digitale Inhoudscreatie & Samenwerking: Prestatie Vragen,
modal_content_dccs,This modal provides additional context about the digital content creation and collaboration performance questions.,Deze modal biedt aanvullende context over de prestatievragen voor digitale inhoudscreatie en samenwerking.,
PSCS3_1,Keep passwords in a password safe,Wachtwoorden bewaren in een wachtwoordenkluis,
PSCS3_2,Save passwords on paper ,Wachtwoorden bewaren op papier ,
PSCS3_3,Use passwords with ≥14 characters,Wachtwoorden van ≥14 tekens,
PSCS3_4,Different passwords per account,Verschillende wachtwoorden per account,
PSCS3_5,Use passkey (finger/face),Passkey gebruiken (vinger/gezicht),
PSCS3_6,Two-step verification,Twee-staps-verificatie,
PSCS3_7,Install software updates,Software-updates installeren,
PSCS3_8,Use adblocker,Adblocker gebruiken,
PSCS3_9,Make backups,Back-ups maken,
PSCS3_10,None of the above,Geen van bovenstaande,
PDHWS1_1,Create digital detox moments,Digitale detox-momenten creëren,
PDHWS1_2,Have rules limiting digital media,Regels hebben om digitale media te beperken,
PDHWS1_3,Use screen-time limiter,Schermtijdbegrenzer gebruiken,
PDHWS1_4,Temporarily switch off Internet,Internet tijdelijk uitschakelen,
PDHWS1_5,Delete apps/programs,Apps/programma's verwijderen,
PDHWS1_6,Turn off notifications,Meldingen uitschakelen,
PDHWS1_7,Reduce time without special approach,Tijd verminderen zonder speciale aanpak,
PDHWS1_8,None of these actions,Geen van deze acties,
PSGDS1_1,Clean mailbox,Mailbox opschonen,
PSGDS1_2,Use sustainable search engines,Duurzame zoekmachines gebruiken,
PSGDS1_3,Avoid unnecessary Cloud storage,Onnodige Cloud-opslag vermijden,
PSGDS1_4,Turn down screen brightness,Schermhelderheid verlagen,
PSGDS1_5,Use sleep mode,Slaapstand gebruiken,
PSGDS1_6,Close unused phone apps,Ongebruikte telefoon-apps sluiten,
PSGDS1_7,Recycle devices,Apparaten recyclen,
PSGDS1_8,Repair before replacing,Repareren voor vervangen,
PSGDS1_9,None of these actions,Geen van deze acties,
SourceHelp_1,I don't need help,Ik heb geen hulp nodig,
SourceHelp_2,I don't know anyone,Ik ken niemand,
SourceHelp_3,Family,Familie,
SourceHelp_4,Friends,Vrienden,
SourceHelp_5,Colleagues/classmates,Collega's/klasgenoten,
SourceHelp_6,Neighbors/acquaintances,Buren/kennissen,
SourceHelp_7,Help desk,Helpdesk,
SourceHelp_8,Library,Bibliotheek,
SourceHelp_9,Telecom/online helpdesk,Telecom/online helpdesk,
PAIS2_1,Google,Google,
PAIS2_2,Netflix,Netflix,
PAIS2_3,Whatsapp,Whatsapp,
PAIS2_4,Facebook,Facebook,
PAIS2_5,Bol.com,Bol.com,
PAIS2_6,DigID,DigID,
PAIS2_7,NOS News,NOS Nieuws,
PAIS2_8,Albert Heijn,Albert Heijn,
PAIS2_9,TikTok,TikTok,
page_name_skills,Skills,Vaardigheden,
page_name_performance,Performance,Prestatie,
page_name_knowledge,Knowledge,Kennis,
page_name_highlights,Highlights,Hoogtepunten,
page_name_about,About,Over,
page_name_strategic_info,Strategic Information,Strategische Informatie,
page_name_critical_info,Critical Information,Kritische Informatie,
page_name_netiquette,Netiquette,Netiquette,
page_name_content_creation,Digital Content Creation,Digitale Inhoudscreatie,
page_name_safety,Safety,Veiligheid,
page_name_digital_health,Digital Health,Digitale Gezondheid,
page_name_green,Green Digital,Groen Digitaal,
page_name_problem_solving,Digital Problem Solving,Digitale Problemen Oplossen,
page_name_transactional,Transactional,Transactioneel,
page_name_ai,AI,AI,
page_name_genai,Gen AI,Gen AI,
menu_dimensions,Dimensions,Dimensies,
dashboard_author,Digital Competence Team,Digital Competence Team,
dashboard_description,Digital Competence Dashboard,Digitaal Competentie Dashboard,
dashboard_footer,© 2025 Digital Competence Research,© 2025 Digitaal Competentie Onderzoek,
dashboard_navbar_brand,DigIQ Dashboard,DigIQ Dashboard,
digital_health_description,**Digital Health & Wellbeing** skills relate to managing healthy digital habits.,**Digitale Gezondheid & Welzijn** vaardigheden hebben betrekking op het beheren van gezonde digitale gewoonten.,
dimension_digital_health,Digital Health,Digitale Gezondheid,
highlights_intro,Here are the key findings from Wave 1 of the Digital Competence study.,Hier staan de belangrijkste bevindingen van Ronde 1 van het Digitaal Competentie onderzoek.,
highlights_wave1_title,Wave 1 Key Findings,Ronde 1 Belangrijkste Bevindingen,
link_see_all_digital_health,See all Digital Health results,Bekijk alle Digitale Gezondheid resultaten,
page_text_knowledge_short,**Knowledge** measures what participants *know* about the digital world. These items test factual understanding by having respondents indicate whether statements are true or false.,**Kennis** meet wat deelnemers *weten* over de digitale wereld. Deze items testen het feitelijke begrip door respondenten te laten aangeven of beweringen waar of onwaar zijn.,
page_text_knowledge,"The **Knowledge** section measures what participants *know* about the digital world: how it works, what risks it involves, and how different technologies affect everyday life. These items test factual understanding across topics such as information reliability, communication and privacy, online safety, AI, and generative AI. Respondents indicate whether each statement is true or false (or if they don’t know), allowing us to assess their level of digital literacy and awareness beyond self-perceived skills.","De **Kennis**-sectie meet wat deelnemers weten over de digitale wereld: hoe die werkt, welke risico’s eraan verbonden zijn en hoe verschillende technologieën het dagelijks leven beïnvloeden. Deze items toetsen feitelijke kennis over onderwerpen zoals betrouwbaarheid van informatie, communicatie en privacy, online veiligheid, AI en generatieve AI. Respondenten voor elke stelling aan of deze waar of onwaar is (of dat ze het niet weten), zodat we hun niveau van digitale geletterdheid en bewustzijn kunnen inschatten, los van hun zelfingeschatte vaardigheden.
",
page_text_performance_short,"**Performance** measures participants' practical digital skills across a range of real-life tasks. Instead of self-reports, these items test what people *can actually do*: for example, searching for reliable information.",**Prestaties** meten de praktische digitale vaardigheden van deelnemers in een reeks taken uit het echte leven. In plaats van zelfrapportage testen deze items wat mensen *werkelijk kunnen*: bijvoorbeeld het zoeken naar betrouwbare informatie.,
page_text_performance,"The **Performance** section measures participants' practical digital skills across a range of real-life tasks. Instead of self-reports, these items test what people *can actually do*: for example, searching for reliable information, recognizing AI-generated images, protecting their devices, or using AI tools effectively. The items cover eleven areas of digital competence, from strategic and critical information skills to AI and generative AI skills, providing an overall picture of how well individuals can navigate today's digital environment.","De **Prestaties**-sectie meet de praktische digitale vaardigheden van deelnemers aan de hand van uiteenlopende alledaagse taken. In plaats van zelfrapportage testen deze items wat mensen daadwerkelijk kunnen: bijvoorbeeld betrouwbare informatie opzoeken, AI-gegenereerde beelden herkennen, hun apparaten beveiligen of AI-tools effectief gebruiken. De items bestrijken elf domeinen van digitale competentie, van strategische en kritische informatievaardigheden tot AI- en generatieve-AI-vaardigheden, en geven zo een totaalbeeld van hoe goed mensen zich in de digitale omgeving van vandaag kunnen bewegen.
",
page_text_skills_short, **Skills** measures participants’ *self-assessed ability* to perform a wide range of digital tasks. These items capture how confident people feel doing things like searching for information.,**Vaardigheden** meet het *zelfgerapporteerde vermogen* van deelnemers om een ​​breed scala aan digitale taken uit te voeren. Deze items leggen vast hoe zelfverzekerd mensen zich voelen bij het zoeken naar informatie.,
page_text_skills,"The **Skills** section measures participants’ *self-assessed ability* to perform a wide range of digital tasks. These items capture how confident people feel doing things like searching for information, creating content, protecting their privacy, or recognizing when AI is being used. The questions cover different domains of digital competence, from information and communication skills to AI and generative AI skills, and together provide insight into participants’ everyday digital capabilities and confidence levels.","De **Vaardigheden**-sectie meet de zelfingeschatte bekwaamheid van deelnemers om een breed scala aan digitale taken uit te voeren. Deze items leggen vast hoe zeker mensen zich voelen bij zaken als informatie zoeken, content maken, hun privacy beschermen of herkennen wanneer AI wordt ingezet. De vragen bestrijken verschillende domeinen van digitale competentie, van informatie- en communicatievaardigheden tot AI- en generatieve-AI-vaardigheden, en geven samen inzicht in de alledaagse digitale handelingsbekwaamheid en het zelfvertrouwen van deelnemers.",
intro_text_skills,"For all skills questions, we used the following wording",Voor alle vaardigheidsvragen gebruikten we de volgende formulering,
intro_text_knowledge,"For all knowledge questions, we used the following wording",Voor alle kennisvragen gebruikten we de volgende formulering,
tab_knowledge,Knowledge,Kennis,
tab_performance,Performance,Prestatie,
tab_skills,Skills,Vaardigheden,
tab_question_10,Question 10,Vraag 10,
tab_ai_knowledge,AI Knowledge,AI Kennis,
tab_ai_performance,AI Performance,AI Prestatie,
tab_ai_skills,AI Skills,AI Vaardigheden,
tab_content_creation_knowledge,Content Creation Knowledge,Inhoudscreatie Kennis,
tab_content_creation_performance,Content Creation Performance,Inhoudscreatie Prestatie,
tab_content_creation_skills,Content Creation Skills,Inhoudscreatie Vaardigheden,
tab_critical_info_knowledge,Critical Info Knowledge,Kritische Info Kennis,
tab_critical_info_performance,Critical Info Performance,Kritische Info Prestatie,
tab_critical_info_skills,Critical Info Skills,Kritische Info Vaardigheden,
tab_digital_health_knowledge,Digital Health Knowledge,Digitale Gezondheid Kennis,
tab_digital_health_performance,Digital Health Performance,Digitale Gezondheid Prestatie,
tab_digital_health_skills,Digital Health Skills,Digitale Gezondheid Vaardigheden,
tab_genai_knowledge,Gen AI Knowledge,Gen AI Kennis,
tab_genai_performance,Gen AI Performance,Gen AI Prestatie,
tab_genai_skills,Gen AI Skills,Gen AI Vaardigheden,
tab_green_knowledge,Green Digial Knowledge,Groen Digitaal Kennis,
tab_green_performance,Green Digital Performance,Groen Digitaal Prestatie,
tab_green_skills,Green Digial Skills,Groen Digitaal Vaardigheden,
tab_netiquette_knowledge,Netiquette Knowledge,Netiquette Kennis,
tab_netiquette_skills,Netiquette Skills,Netiquette Vaardigheden,
tab_problem_solving_performance,Problem Solving Performance,Digitale Problemen Oplossen Prestatie,
tab_problem_solving_skills,Problem Solving Skills,Digitale Problemen Oplossen Vaardigheden,
tab_safety_knowledge,Safety Knowledge,Veiligheid Kennis,
tab_safety_performance,Safety Performance,Veiligheid Prestatie,
tab_safety_skills,Safety Skills,Veiligheid Vaardigheden,
tab_transactional_knowledge,Transactional Knowledge,Transactionele Kennis,
tab_transactional_performance,Transactional Performance,Transactionele Prestatie,
tab_transactional_skills,Transactional Skills,Transactionele Vaardigheden,
dunno_understand,Don't know/Understand,Weet/begrijp niet,
label_percentage_respondents,Percentage of Respondents,Percentage van respondenten,
label_number_respondents,Number of Respondents,Aantal respondenten,
label_agegroup,Age Group,Leeftijdsgroep,
label_female,Female,Vrouw,
label_male,Male,Man,
label_high_education,High,Hoog,
label_middle_education,Middle,Midden,
label_low_education,Low,Laag,
label_yes,Migration background,Migratieachtergrond,
label_no,No migration background,Geen migratieachtergrond,
label_percentage_correct,Percentage who selected/answered correctly,Percentage dat correct heeft geantwoord,
tab_question,Question,Vraag,
title_strategic_information_skills,Strategic Information Skills,Strategische Informatievaardigheden,
title_critical_information_skills,Critical Information Skills,Kritische Informatievaardigheden,
title_netiquette_skills,Netiquette Skills,Netiquette Vaardigheden,
title_digital_content_creation_skills,Digital Content Creation Skills,Digitale Contentcreatievaardigheden,
title_safety_control_skills,Safety and Control of Information and Devices Skills,Veiligheid en Controle van Informatie en Apparaten Vaardigheden,
title_digital_health_wellbeing_skills,Digital Health and Wellbeing Skills,Digitale Gezondheid en Welzijn Vaardigheden,
title_sustainable_green_digital_skills,Sustainable/Green Digital Skills,Duurzame/Groene Digitale Vaardigheden,
title_digital_problem_solving_skills,Digital Problem Solving Skills,Digitale Problemen Oplossen Vaardigheden,
title_transactional_skills,Transactional Skills,Transactionele Vaardigheden,
title_ai_skills,AI Skills,AI Vaardigheden,
strategic_information_general_dimension,"The **Strategic Information** dimension reflects an individual's understanding of how to navigate the online information environment. This includes knowing how search engines work, what influences search results, and how to choose effective keywords.","De **Strategische Informatie** dimensie weerspiegelt het begrip van een individu over hoe men zich kan bewegen in de online informatieomgeving. Dit omvat kennis over hoe zoekmachines werken, wat de zoekresultaten beïnvloedt, en hoe men effectieve zoekwoorden kiest,",
strategic_information_performance_dimension,"**Strategic Information Performance** refers to the ability to generate effective search queries, and to use (advanced) tools for online searches.",**Strategische Informatieprestatie** verwijst naar het vermogen om effectieve zoekopdrachten te genereren en (geavanceerde) tools te gebruiken voor online zoekopdrachten.,
strategic_information_knowledge_dimension,"**Strategic Information Knowledge** refers to knowing how online searches work, what makes keywords effective, and which sources are more relevant.","**Strategische Informatiekennis** verwijst naar het weten hoe online zoekopdrachten werken, wat zoekwoorden effectief maakt, en welke bronnen meer of minder relevant zijn.",
critical_information_general_dimension,"The **Critical Information** dimension captures a person’s ability to understand how to assess the trustworthiness and intent of online information. This includes knowing how misinformation spreads, what indicators signal reliability, and how content creators may influence readers through framing or emotional language.","De **Kritische Informatie** dimensie omvat het vermogen van een persoon om de betrouwbaarheid en intentie van online informatie te beoordelen. Dit omvat inzicht in hoe desinformatie zich verspreidt, welke indicatoren betrouwbaarheid signaleren, en hoe inhoudmakers lezers kunnen beïnvloeden door middel van framing of emotionele taal.",
critical_information_performance_dimension,"**Critical Information Performance** refers to the abiity to verify information, recognize credible sources, and identify persuasive or misleading online content.","**Kritische Informatieprestatie** verwijst naar het vermogen om informatie te verifiëren, geloofwaardige bronnen te herkennen en overtuigende of misleidende online inhoud te identificeren. ",
critical_information_knowledge_dimension,**Critical Information Knowledge** refers to knowledge about persuasive or misleading online content.,**Kritische Informatiekennis** verwijst naar kennis over overtuigende of misleidende online inhoud.,
,,,
netiquette_general_dimension,"The **Netiquette** dimension involves understanding the norms, expectations, and social rules of digital communication. This includes knowing which communication tools are appropriate for different situations, what information should not be shared, how tone is interpreted online, and how to interact respectfully and safely with others in digital spaces.",,
netiquette_performance_dimension,,,
netiquette_knowledge_dimension,"**Netiquette Knowledge** refers to knowing digital communication norms, when to ask for consent, and how to maintain respectful online interactions.",,
digital_content_creation_general_dimension,"**Digital Content Creation** reflect knowledge of how digital content is produced, modified, and shared. This includes understanding basic editing concepts, combining different media formats, using digital tools for presentations or documents, and recognizing copyright, ownership, and attribution requirements when working with online materials.",,
digital_content_creation_performance_dimension,,,
digital_content_creation_knowledge_dimension,"**Digital Content Creation Knowledge** refers to knowing the basics of editing, media formats, and copyright rules when creating or modifying digital content.",,
safety_general_dimension,"The **Safety & Control of Information and Devices** dimension describes a person’s understanding of how to protect their data, accounts, and devices. This includes knowing about passwords, privacy settings, phishing risks, software updates, secure Wi-Fi, and how platforms collect and use personal data. It also involves awareness of strategies to manage digital footprints.",,
safety_performance_dimension,,,
safety_knowledge_dimension,"**Safety Knowledge** refers to knowing how to keep devices secure, recognize digital threats, and protect personal information online.",,
digital_health_general_dimension,"The **Digital Health & Wellbeing** dimension encompasses understanding how technology use affects mental, physical, and emotional wellbeing. This includes knowing about screen-time risks, digital distractions, sleep disruption, ergonomics, online stress, and the importance of breaks, boundaries, and intentional technology use.",,
digital_health_performance_dimension,,,
digital_health_knowledge_dimension,"**Digital Health Knowledge** refers to understanding healthy digital habits, the effects of screen time, and strategies for maintaining wellbeing.",,
green_digital_general_dimension,"The **Sustainable/Green Digital** dimension reflect a person’s understanding of the environmental impact of digital technologies. This includes knowing how energy consumption works in digital devices, how cloud storage uses resources, what makes electronics more or less sustainable, and why recycling and proper disposal of e-waste are important.",,
green_digital_performance_dimension,,,
green_digital_knowledge_dimension,**Green Digital Knowledge** refers to knowing how digital technology affects the environment and what actions reduce digital waste and energy consumption.,,
digital_problem_solving_general_dimension,"**Digital Problem Solving** involve understanding how to address digital challenges and improve one’s digital abilities. This includes knowing where to find help, how to troubleshoot common issues, which resources or tutorials are trustworthy, and what strategies support ongoing learning and adaptation in a changing digital landscape.",,
digital_problem_solving_performance_dimension,,,
digital_problem_solving_knowledge_dimension,"**Digital Problem Solving Knowledge** refers to knowing where to look for help, how to troubleshoot common issues, and how to learn new digital skills.",,
transactional_general_dimension,"The **Transactional** dimension describes understanding how to perform official, financial, and administrative tasks in digital environments. This includes knowing how digital government systems work, what is required for secure payments, how to manage healthcare or insurance online, and how to upload or manage official documents safely.",,
transactional_performance_dimension,,,
transactional_knowledge_dimension,"**Transactional Knowledge** refers to knowing how online government services, payments, and digital administrative systems work.",,
ai_general_dimension,"The **AI** dimension reflects an understanding of how artificial intelligence operates in everyday digital tools. This includes knowing how platforms personalize content, what data is used to train AI systems, where AI is commonly embedded, and how AI-driven recommendations influence user behavior and experiences online.",,
ai_performance_dimension,,,
ai_knowledge_dimension,**AI Knowledge** refers to knowing where AI appears in everyday apps and how it shapes recommendations and content.,,
gen_ai_general_dimension,"The **Generative AI** dimension describes understanding how GenAI tools work, their strengths and limitations, and how outputs are created. This includes knowing how to evaluate AI-generated information, what makes a prompt effective, how to identify AI-generated content, and what risks or biases exist in GenAI systems.",,
gen_ai_performance_dimension,,,
gen_ai_knowledge_dimension,"**Generative AI Knowledge** refers to knowing how GenAI tools produce content, what their limitations are, and how to verify AI-generated information.",,
gen_ai_perf_infobox_general,,,
gen_ai_perf_infobox_answer_options,,,
gen_ai_perf_infobox_image,GenAI_competence_infobox_image.png,GenAI_competence_infobox_image.png,
ai_competence_infobox_image,AI_competence_infobox_image.png,AI_competence_infobox_image.png,
critical_info_competence_q1_infobox_image,critical_info_competence_q1_infobox_image.png,critical_info_competence_q1_infobox_image.png,
critical_info_competence_q2_infobox_image,critical_info_competence_q2_infobox_image.png,critical_info_competence_q2_infobox_image.png,
critical_info_competence_q3_infobox_image,critical_info_competence_q3_infobox_image.png,critical_info_competence_q3_infobox_image.png,
digital_content_creation_competence_infobox_image,digital_content_creation_competence_infobox_image.png,digital_content_creation_competence_infobox_image.png,
genai_competence_infobox_image,GenAI_competence_infobox_image.png,GenAI_competence_infobox_image.png,
netiquette_competence_infobox_image,netiquette_competence_infobox_image.png,netiquette_competence_infobox_image.png,
safety_competence_infobox_image,safety_competence_infobox_image.png,safety_competence_infobox_image.png,
strategic_info_infobox_image,strategic_info_infobox_image.png,strategic_info_infobox_image.png,
transactional_competence_infobox_image,transactional_competence_infobox_image.png,transactional_competence_infobox_image.png,
more_info,More info,Meer info,
blockquote_performance_ai,"Select all <a href=""#PAIS2_1"" class=""modal-link"">apps or websites</a> that use AI to personalize their content for you","Selecteer alle <a href=""#PAIS2_1"" class=""modal-link"">apps of websites</a> die AI gebruiken om hun inhoud voor u te personaliseren",
blockquote_performance_cis,"Look closely at this post (<a href='#PCIS1R' class='modal-link'>Q1</a>, <a href='#PCIS2R' class='modal-link'>Q2</a>) on social media as well. What kind of post do you think this is? (<a href='#PCIS3R' class='modal-link'>Q3</a>)","Bekijk ook dit bericht (<a href='#PCIS1R' class='modal-link'>Q1</a>, <a href='#PCIS2R' class='modal-link'>Q2</a>) goed van sociale media. Welk soort post denk je dat dit is? (<a href='#PCIS3R' class='modal-link'>Q3</a>)",
blockquote_performance_dccs,"Which of the <a href=""#PDCCS1R"" class=""modal-link"">following icons</a> refer to the function for cutting or removing parts of a picture (""cropping"")?","Welk van de <a href=""#PDCCS1R"" class=""modal-link"">onderstaande icoontjes</a> is voor het bijsnijden of stukken weghalen van een foto?",
blockquote_performance_safety,Which of the following safety precautions do you sometimes take for your digital/online media use? Select every answer that applies ,Welke van de volgende veiligheidsmaatregelen neemt u soms voor uw digitale/online mediagebruik? Selecteer elk antwoord dat van toepassing is.,
blockquote_performance_sis,"What search terms would you use to look up Femke Bol's birthplace on Google? (Q1) How can you make sure that only Dutch sources are shown? Click on <a href=""#PSIS2R"" class=""modal-link"">the spot in the image</a> where you can indicate this. (Q2)","Welke zoektermen zou je gebruiken om de geboorteplaats van Femke Bol op Google op te zoeken? (Q1) Hoe zorg je ervoor dat je alleen Nederlandse bronnen te zien krijgt? Klik op <a href=""#PSIS2R"" class=""modal-link"">de plaats in de afbeelding</a> op de plek waar je dit kunt aangeven. (Q2)",
blockquote_performance_netiquette,"Imagine, you find this picture of your friend/acquaintance on social media. For which <a href=""#PNS1R"" class=""modal-link"">picture, or pictures</a>, would you ask permission from this friend/acquaintance to share it with others online? (multiple answers are possible)","Stel, je komt deze foto's tegen van een vriendin of kennis op sociale media. Bij welke <a href=""#PNS1R"" class=""modal-link"">foto, of foto's</a>, zou je toestemming vragen aan deze vriendin of kennis om deze foto met anderen online te delen? (meerdere antwoorden zijn mogelijk)",
blockquote_performance_trans,"Below you see 4 icons that can appear on a website. Which of the <a href=""#PTS1R"" class=""modal-link"">icons</a> should you click on to know whether you can shop safely on an online webshop (for example with safe storage of personal data and a safe payment environment)?","Hieronder zie je 4 icoontjes die je op een website tegen kan komen. Op welk van de <a href=""#PTS1R"" class=""modal-link"">icoontjes</a> moet je klikken om te weten of je veilig kunt winkelen op een online webshop (bijvoorbeeld met veilige opslag van persoonsgegevens en een veilige betaalomgeving)?",
blockquote_performance_genai,"What prompt should you ask ChatGPT to get the best recipe result? (Q1) Look closely at the <a href=""#PAIS1R"" class=""modal-link"">pictures below</a>. Which picture is not made with artificial intelligence (AI)? (Q2)","Welke prompt stel je aan ChatGPT om tot het beste receptresultaat te komen? (Q1) Kijk goed naar de <a href=""#PAIS1R"" class=""modal-link"">foto's hieronder</a>. Welke foto is niet gemaakt met artificiële intelligentie (AI)? (Q2)",
blockquote_performance_problem_solving,Who do you ask for help if you aren't able to do something with online media or digital technology?,Wie vraag je om hulp als iets niet lukt met online media of digitale technologie?,
blockquote_performance_green,Which of the following activities do you sometimes do? ,Welke van de volgende activiteiten doet u soms?,
blockquote_performance_health,Do you sometimes try to limit the time you spend using digital media in one of the following ways? Select every answer that applies. ,Probeert u soms de tijd die u besteedt aan het gebruik van digitale media op een van de volgende manieren te beperken? Selecteer elk antwoord dat van toepassing is.,PSCS1,Read the following message closely. What type of message do you think this is?,Lees onderstaand bericht goed door. Wat voor soort bericht denk je dat dit is?,PSCS1 phishing recognition question
PSCS1_option_1,Advertisement,Reclame,
PSCS1_option_2,A message on MijnOverheid,Een bericht op MijnOverheid,
PSCS1_option_3,An email from the Belastingdienst,Een email van de belastingdienst,
PSCS1_option_4,Phishing scam (misleading post to steal your personal information),Phishing mail (een misleidende email om achter je gegevens te komen),Correct answer
blockquote_performance_pscs1,"<a href=""#PSCS1R"" class=""modal-link"">Read the following message</a> closely. What type of message do you think this is?","<a href=""#PSCS1R"" class=""modal-link"">Lees onderstaand bericht</a> goed door. Wat voor soort bericht denk je dat dit is?",
dimension_phishing,Phishing Recognition,Phishing herkenning,
tab_phishing_recognition,Phishing Recognition,Phishing herkenning,
menu_more_info,More Info,Meer informatie,
page_name_ronde1,Wave 1,Ronde 1,
page_name_ronde2,Wave 2,Ronde 2,Future use
about_page_text_v2,"# About Project CID

Project CID (Competency Insight Dashboard) is a national initiative to monitor and strengthen the digital competence of people in the Netherlands so they can participate safely and effectively in an increasingly digital society. Building on the validated DigIQ tool, and its extension the DigIQ2.0, measuring eleven key dimensions of digital skills (from online safety and digital health to AI and sustainable technology), Project CID tracks how different groups across the population are coping with rapid technological change, including developments like generative AI. It will do so by conducting six data-collection waves between 2024 and 2027, and all resulting data will be integrated into this dashboard.

With these timely insights, policymakers and practitioners can design targeted workshops and training for different age and education groups, develop accessible programs for vulnerable populations, and launch awareness campaigns on issues such as AI, privacy, and information reliability.

## Methodology

Project CID maps the digital competencies of the Dutch population using a mixed sampling strategy that combines an online panel with a postal address sample. The address sample specifically targets neighborhoods with higher proportions of people with lower educational levels and/or a migration background, ensuring inclusion of groups that are underrepresented in online-only research and of people with lower (digital) literacy. Data are collected via a questionnaire available in Dutch and English, which can be completed online (smartphone, tablet, computer) or on paper. Data collection for Project CID is conducted by the external research company Ipsos I&O, ensuring professional and standardized fieldwork.

Because the resulting sample differed from national benchmarks (MOA Gold Standard 2024) on key demographics, statistical weights were applied so that the results more accurately reflect the Dutch population.

More information on survey development and sampling can be found on: https://osf.io/d5c7n/

## About the Research Team

**Dr. Annemarie van Oosten** is a senior researcher, daily project manager, and contact person for the CID project. She is also a university lecturer in communication science at the University of Amsterdam, where she received her PhD in 2015. In addition to her research on digital competence, she investigates the role of (social) media in the sexual and gender attitudes and behaviors of young people.

**Roos Korderijnk, MSc.** is a junior researcher for the CID project. Roos studied Communication and Information Sciences at Utrecht University and Communication Sciences at Vrije Universiteit Amsterdam.

**Prof. Dr. Jessica Taylor Piotrowski** is the principal investigator of the DIGCOM project and the CID project. Jessica is a professor of Digital Society at the University of Amsterdam, director of the Center for research on Children, Adolescents and the Media (CcaM), and director of the Graduate School for Communication. Her research focuses on how the digital society and the development of (young) people influence each other.

**Dr. Dian A. de Vries** is Associate Professor of Digital Skills at the Utrecht University of Applied Sciences, at the lectorate Organizations in Digital Transition. Dian received her PhD from the University of Amsterdam (2014) and is co-author of De Schermwijzer: A practical guide for (grand)parents on screen time, social media, gaming, and online safety.

**Prof. Dr. Claes H. de Vreese** is co-applicant of the DIGCOM project. Claes is a university professor of Artificial Intelligence and Society at the University of Amsterdam. He is also the founder and director of the Digital Democracy Center and cofounder of the AI, Media and Democracy Lab. Claes conducts research into the role of media and artificial intelligence in democracy.

## About the Creators of the Dashboard","# Over Project CID

Project CID (Competency Insight Dashboard) is een nationaal initiatief om de digitale competentie van mensen in Nederland te monitoren en te versterken, zodat zij veilig en effectief kunnen deelnemen aan een steeds digitalere samenleving. Voortbouwend op de gevalideerde DigIQ-tool, en de uitbreiding DigIQ2.0, die elf belangrijke dimensies van digitale vaardigheden meet (van online veiligheid en digitale gezondheid tot AI en duurzame technologie), volgt Project CID hoe verschillende groepen in de bevolking omgaan met snelle technologische veranderingen, inclusief ontwikkelingen zoals generatieve AI. Dit gebeurt door zes dataverzamelingsrondes uit te voeren tussen 2024 en 2027, en alle resulterende data worden geïntegreerd in dit dashboard.

Met deze tijdige inzichten kunnen beleidsmakers en praktijkmensen gerichte workshops en trainingen ontwerpen voor verschillende leeftijds- en opleidingsgroepen, toegankelijke programma's ontwikkelen voor kwetsbare populaties, en bewustwordingscampagnes lanceren over onderwerpen zoals AI, privacy en informatiebetrouwbaarheid.

## Methodologie

Project CID brengt de digitale competenties van de Nederlandse bevolking in kaart met behulp van een gemengde steekproefstrategie die een online panel combineert met een adressteekproef. De adressteekproef richt zich specifiek op buurten met hogere proporties mensen met lagere opleidingsniveaus en/of een migratieachtergrond, om inclusie te waarborgen van groepen die ondervertegenwoordigd zijn in alleen-online onderzoek en van mensen met lagere (digitale) geletterdheid. Data worden verzameld via een vragenlijst beschikbaar in het Nederlands en Engels, die online (smartphone, tablet, computer) of op papier kan worden ingevuld. Dataverzameling voor Project CID wordt uitgevoerd door het externe onderzoeksbureau Ipsos I&O, wat professioneel en gestandaardiseerd veldwerk garandeert.

Omdat de resulterende steekproef verschilde van nationale benchmarks (MOA Gold Standard 2024) op belangrijke demografische kenmerken, werden statistische wegingen toegepast zodat de resultaten de Nederlandse bevolking nauwkeuriger weerspiegelen.

Meer informatie over enquêteontwikkeling en steekproeftrekking is te vinden op: https://osf.io/d5c7n/

## Over het Onderzoeksteam

**Dr. Annemarie van Oosten** is senior onderzoeker, dagelijks projectmanager en contactpersoon voor het CID-project.

**Roos Korderijnk, MSc.** is junior onderzoeker voor het CID-project.

**Prof. Dr. Jessica Taylor Piotrowski** is hoofdonderzoeker van het DIGCOM-project en het CID-project.

**Dr. Dian A. de Vries** is Associate Professor Digital Skills aan de Hogeschool Utrecht.

**Prof. Dr. Claes H. de Vreese** is co-aanvrager van het DIGCOM-project.

## Over de Makers van het Dashboard",New about page content from about_page.md
ronde1_page_text,"# Wave 1

## Sample

Data from Wave 1 in this dashboard is based on the completed questionnaires of **2,417 participants**, of which 2,156 via an online panel and 261 via an address sample (paper-and-pencil questionnaire). Data collection took place in **December 2024**.

## Finding Highlights

Data from this first wave shows that Dutch people generally feel digitally skilled, and this often matches their knowledge, but not always their actual behavior and performance—especially in areas like online health and well-being and netiquette, where important ""blind spots"" emerge.

Skills and knowledge related to (gen)AI are particularly low: children, older adults, and lower-educated groups score poorly on understanding AI-driven personalization, privacy risks, and the reliability of AI-generated information, and are not well-equipped to use genAI effectively. Overall, differences in digital competence are mainly driven by age and education level rather than migration background.

## What to use this data for?

These findings underscore the need for targeted workshops, accessible training for vulnerable groups, and awareness campaigns, especially around genAI. Using the dashboard, policymakers and practitioners can zoom in on specific skills and see how different groups (e.g., by age or education level) score on their self-confidence, their actual knowledge of digital technology, and their performance and behaviors. They can explore all 11 measured areas—such as critical information skills, online security, online health and well-being, AI and genAI skills, and transactional skills—and identify where blind spots are largest (high confidence but low knowledge or performance). This enables them to prioritize which groups need support on which skills, design tailored interventions (e.g., focused workshops or campaigns), and monitor over time whether these efforts are closing digital competence gaps.","# Ronde 1

## Steekproef

De data uit ronde 1 in dit dashboard zijn gebaseerd op de ingevulde vragenlijsten van **2.417 deelnemers**, waarvan 2.156 via een online panel en 261 via een adressteekproef (papieren vragenlijst). De dataverzameling vond plaats in **december 2024**.

## Belangrijkste Bevindingen

Data uit deze eerste ronde laten zien dat Nederlanders zich over het algemeen digitaal vaardig voelen, en dit komt vaak overeen met hun kennis, maar niet altijd met hun daadwerkelijke gedrag en prestaties—vooral op gebieden zoals online gezondheid en welzijn en netiquette, waar belangrijke ""blinde vlekken"" naar voren komen.

Vaardigheden en kennis gerelateerd aan (gen)AI zijn bijzonder laag: kinderen, ouderen en lager opgeleiden scoren slecht op het begrijpen van AI-gedreven personalisatie, privacyrisico's en de betrouwbaarheid van AI-gegenereerde informatie.

## Waarvoor kunt u deze data gebruiken?

Deze bevindingen onderstrepen de behoefte aan gerichte workshops, toegankelijke training voor kwetsbare groepen en bewustwordingscampagnes, vooral rond genAI. Met het dashboard kunnen beleidsmakers en praktijkmensen inzoomen op specifieke vaardigheden en zien hoe verschillende groepen scoren op hun zelfvertrouwen, kennis en prestaties.",Wave 1 page content from wave1.md
w1_header_demographics,Demographics,Demografie,Wave 1 page section headers
w1_header_age_group,Age Group,Leeftijdsgroep,
w1_header_gender,Gender,Geslacht,
w1_header_education,Education Level,Opleidingsniveau,
w1_header_migration,Migration Background,Migratieachtergrond,
w1_header_panel,Panel Type,Paneltype,
w1_header_device_computer,Use of Devices: Computer,Gebruik van apparaten: Computer,
w1_header_device_tablet,Use of Devices: Tablet,Gebruik van apparaten: Tablet,
w1_header_device_phone,Use of Devices: Phone,Gebruik van apparaten: Telefoon,
w1_header_literacy,General Literacy,Algemene geletterdheid,
w1_header_work,Work Status,Werkstatus,
w1_header_work_hours,Hours of Work with Computer (Employed Only),Uren werken met computer (alleen werkenden),
w1_header_financial,Financial Insecurity,Financiële onzekerheid,
w1_header_correlations,Correlations with Skills Knowledge and Performance,Correlaties met vaardigheden kennis en prestaties,
w1_label_mean_age,Mean age,Gemiddelde leeftijd,
w1_cor_title,Spearman Correlations: Skills Knowledge Performance & Demographics,Spearman correlaties: Vaardigheden Kennis Prestaties & Demografie,
w1_device_never,Never,Nooit,Device usage scale
w1_device_almost_never,Almost never,Bijna nooit,
w1_device_sometimes,Sometimes,Soms,
w1_device_often,Often,Vaak,
w1_device_very_often,Very often,Heel vaak,
w1_lit_never,Never need help,Heb nooit hulp nodig,Literacy scale
w1_lit_almost_never,Almost never need help,Heb bijna nooit hulp nodig,
w1_lit_sometimes,Sometimes need help,Heb soms hulp nodig,
w1_lit_often,Often need help,Heb vaak hulp nodig,
w1_lit_very_often,Very often need help,Heb heel vaak hulp nodig,
w1_work_student,Student,Student,Work status
w1_work_employed,Employed,Werkzaam,
w1_work_housekeeper,Housekeeper,Huisvrouw/-man,
w1_work_unemployed,Unemployed,Werkloos,
w1_work_retired,Retired,Gepensioneerd,
w1_work_volunteer,Volunteer,Vrijwilliger,
w1_work_other,Other,Anders,
w1_fin_completely_untrue,Completely untrue,Helemaal onwaar,Financial insecurity scale
w1_fin_slightly_untrue,Slightly untrue,Een beetje onwaar,
w1_fin_neither,Not true and not untrue,Niet onwaar en niet waar,
w1_fin_slightly_true,Slightly true,Een beetje waar,
w1_fin_completely_true,Completely true,Helemaal waar,
w1_panel,Panel,Panel,Panel type
w1_address,Address,Adres,
w1_work2_n,N (employed),N (werkzaam),Work hours summary
w1_work2_mean,Mean hours,Gemiddeld uren,
w1_work2_median,Median hours,Mediaan uren,
strategic_info_perf_q1_infobox_image,PSIS1RC_infobox_image.png,PSIS1RC_infobox_image.png,Placeholder - replace with actual image
genai_perf_q1_infobox_image,PGAIS1RC_infobox_image.png,PGAIS1RC_infobox_image.png,Placeholder - replace with actual image
